trade_id,timestamp_utc,ticker,side,order_qty,insider_date,insider_name,estimated_entry_price,take_profit_price,stop_loss_price,alpaca_order_id,status,exit_reason
2025-07-30-ANIX-buy-5000,2025-07-31T13:34:09.426390,ANIX,buy,3,2025-07-30,KUMAR AMIT,3.155,3.47,2.84,5bd84da2-3e3f-4a6d-bb9a-2e73245a63c3,pending_new,
2025-06-11-SNYR-buy-900,2025-07-31T13:34:11.905831,SNYR,buy,3,2025-06-11,Ross Jack,3.655,4.02,3.29,e0780032-430b-449b-b342-2c0c7acdb69a,pending_new,
2025-07-28-ADT-sell-71000000,2025-07-31T13:34:15.100621,ADT,sell,1,2025-07-28,"Apollo Management Holdings GP,",8.355,7.52,9.19,e385335c-f78e-43f1-a33f-74419fac9898,pending_new,
2025-07-28-NVTS-buy-18645603,2025-07-31T13:34:17.964532,NVTS,buy,1.5852,2025-07-28,Singh Ranbir,7.365,8.1,6.63,5bb75ed6-c06a-4063-8728-5ee4ee8bf85a,pending_new,
2025-07-28-ZIP-sell-5811,2025-07-31T13:34:20.923232,ZIP,sell,2,2025-07-28,Miller J Sanford,4.19,3.77,4.61,ab614c58-aa03-482a-9ed8-9a9dc37f4dac,pending_new,
2025-07-30-TLRY-buy-165000,2025-07-31T13:34:23.545711,TLRY,buy,18.9591,2025-07-30,SIMON IRWIN D,0.6158,0.68,0.55,1996c9de-90b2-438f-bf46-432bdd7c9cbd,pending_new,
2025-07-28-FNWB-buy-3000,2025-07-31T13:34:26.388152,FNWB,buy,1,2025-07-28,Henderson Kyle David,7.8,8.58,7.02,3619be2c-4825-4b0f-b7ac-937eb6b8153c,pending_new,
2025-07-29-MBWM-buy-200,2025-07-31T13:34:29.935791,MBWM,buy,0.2529,2025-07-29,Williams Shoran R,46.165,50.78,41.55,a8abbf69-95f9-49ca-b5e3-c3710b3e3848,pending_new,
2025-07-28-TLYS-buy-50000,2025-07-31T13:34:32.877751,TLYS,buy,6.2433,2025-07-28,Shay Capital LLC,1.87,2.06,1.68,5f834f1b-b3cf-4292-b30c-7e1dcc9579d3,pending_new,
2025-07-29-LEXX-buy-15600,2025-07-31T13:34:36.988501,LEXX,buy,12,2025-07-29,BUNKA CHRISTOPHER,0.9198,1.01,0.83,5b58f20c-20b4-4025-a26c-b55504d1b161,pending_new,
2025-07-29-GSHD-buy-1149,2025-07-31T13:34:39.231469,GSHD,buy,0.1254,2025-07-29,Jones Mark E. Jr.,93.1,102.41,83.79,1208fa8a-b621-4e1a-b20b-7599a3304a35,pending_new,
2025-07-30-GAM-buy-177,2025-07-31T13:34:41.479477,GAM,buy,0.2042,2025-07-30,Stark Eugene S,57.165,62.88,51.45,f464b622-0af2-48c3-9be8-b697449e3bdf,pending_new,
2025-07-28-RLAY-sell-1359,2025-07-31T13:34:45.391494,RLAY,sell,3,2025-07-28,Rahmer Peter,3.69,3.32,4.06,6ec5d497-341b-41ce-80ab-937ede07e4c9,pending_new,
2025-07-25-IMA-buy-83611,2025-07-31T13:34:48.018642,IMA,buy,0.7601,2025-07-25,Bonita David P,15.36,16.9,13.82,2ef103b1-d7b2-4759-91a0-37731f29ddb5,pending_new,
2025-07-30-LADR-sell-34578,2025-07-31T13:34:50.753123,LADR,sell,1,2025-07-30,Alexander Mark David,11.04,9.94,12.14,c7ba0509-31c9-4e3d-9c7c-5135deb030a7,pending_new,
2025-07-11-UPXI-buy-20243,2025-07-31T13:34:52.999113,UPXI,buy,2.3973,2025-07-11,Salkind Gene,4.87,5.36,4.38,7aa058cf-c3e7-4aa4-9f53-97cb5f9a4849,pending_new,
2025-07-30-SSB-buy-3338,2025-07-31T13:34:55.853954,SSB,buy,0.1217,2025-07-30,Froetscher Janet P,95.94,105.53,86.35,5009e28d-1f5e-4328-996c-2a0e5820e4d5,pending_new,
2025-07-30-EPD-buy-16000,2025-07-31T13:34:58.703633,EPD,buy,0.3769,2025-07-30,Montgomery William C,30.98,34.08,27.88,8a7031b5-97ab-4b79-a793-3f379f445f72,pending_new,
2025-07-29-NVCR-buy-20000,2025-07-31T13:35:01.574782,NVCR,buy,1.0197,2025-07-29,Brackmann Christoph,11.45,12.6,10.3,953d8745-55c7-4c66-9041-858d0b5de7b1,pending_new,
2025-07-29-TCBX-buy-1300,2025-07-31T13:35:04.704878,TCBX,buy,0.3041,2025-07-29,Bobbora William,38.39,42.23,34.55,64c03e83-78bc-4a07-8e74-85d73df70290,pending_new,
2025-07-28-LUNR-sell-40254,2025-07-31T13:35:06.959185,LUNR,sell,1,2025-07-28,Ghaffarian Kamal Seyed,11.585,10.43,12.74,2d21f839-1b38-446e-b7f0-724b966cbae5,pending_new,
2025-07-28-DMA-buy-76427,2025-07-31T13:35:09.807113,DMA,buy,1,2025-07-28,"Saba Capital Management, L.P.",8.62,9.48,7.76,2eb82488-2a79-44cd-89f7-ce7273d5a8d5,pending_new,
2025-07-28-PSNL-sell-452,2025-07-31T13:35:13.008976,PSNL,sell,2,2025-07-28,Chen Richard,5.475,4.93,6.02,da7f9f23-44e9-48d7-9565-9fa5af728d4f,pending_new,
2025-07-30-EVCM-sell-12639,2025-07-31T13:35:15.379660,EVCM,sell,1,2025-07-30,Remer Eric Richard,11,9.9,12.1,d28c65a9-f80c-4545-aad5-937116bf4b2f,pending_new,
2025-07-31-EDIT-sell-7500,2025-07-31T13:35:18.223175,EDIT,sell,4,2025-07-31,Burkly Linda,2.46,2.21,2.71,77336a03-3be4-470d-ab2b-35742965524f,pending_new,
2025-07-30-FUBO-sell-57172,2025-07-31T13:35:21.437180,FUBO,sell,2,2025-07-30,THE DANIEL V. LEFF LIVING TRUS,4.26,3.83,4.69,b3928f38-06d0-4590-b67b-94f854d00567,pending_new,
2025-07-30-TG-sell-349217,2025-07-31T14:20:38.842116,TG,sell,1,2025-07-30,Residual 10-Year CLAT UA FDGJR,8.73,7.86,9.6,a116488b-a5e9-44e4-8813-b9526fd8e0f5,pending_new,
2025-07-30-TPL-buy-1,2025-07-31T14:35:46.639722,TPL,buy,0.0119,2025-07-30,HORIZON KINETICS ASSET MANAGEM,978.28,1076.11,880.45,ada49568-0490-48e0-9a8b-12d6bee207b7,pending_new,
2025-07-30-RCG-buy-356,2025-07-31T14:35:49.030905,RCG,buy,4,2025-07-30,STAHL MURRAY,2.6,2.86,2.34,1d0b5881-502a-45d5-85d0-4587597784df,pending_new,
2025-07-30-CIVB-buy-2000,2025-07-31T16:36:36.971879,CIVB,buy,0.5978,2025-07-30,Weaks Nathan E,19.53,21.48,17.58,f2ec847d-5bdb-43cd-9324-1c4bfa2ce7c7,pending_new,
2025-07-30-PNFP-buy-174,2025-07-31T16:51:45.136018,PNFP,buy,0.1316,2025-07-30,BURNS GREGORY L,88.74,97.61,79.87,d2131f0a-4912-44bc-b102-b0ce97bd028b,pending_new,
2025-07-31-DOC-buy-2930,2025-07-31T18:07:17.094819,DOC,buy,0.6888,2025-07-31,Brinker Scott M,16.95,18.64,15.25,4333cdf3-45f1-4dd4-a040-a0d212c66e34,pending_new,
2025-07-28-ASRV-buy-1500,2025-07-31T18:37:31.495782,ASRV,buy,4,2025-07-28,Lynch Michael D,2.71,2.98,2.44,21c0fd09-5a06-4daa-b7c7-4ab4c1799418,pending_new,
2025-07-29-FCNCA-buy-66,2025-07-31T18:52:39.669812,FCNCA,buy,0.0058,2025-07-29,Holding Olivia Britton,2020.465,2222.51,1818.42,2d42f6cc-b5d9-4ed0-aa5a-9eedd63bfcfa,pending_new,
2025-07-31-CBNK-buy-600,2025-07-31T19:07:47.902887,CBNK,buy,0.3702,2025-07-31,Canuso Dominic C,31.54,34.69,28.39,750c1be8-566b-43a7-b748-e09d55145db4,pending_new,
2025-07-29-CDXS-buy-8422,2025-07-31T20:08:19.385787,CDXS,buy,4.3727,2025-07-29,Opaleye Management Inc.,2.67,2.94,2.4,bf9c44d6-23d2-4a94-870b-6ada1b0ef98b,accepted,
2025-07-30-CRDF-buy-275000,2025-07-31T20:08:21.768623,CRDF,buy,4,2025-07-30,PACE GARY W,2.49,2.74,2.24,6e629250-715b-43d3-bd67-60f113b21ebf,accepted,
2025-07-30-RVP-buy-27288,2025-07-31T20:08:25.281045,RVP,buy,15,2025-07-30,SHAW THOMAS J,0.74,0.81,0.67,ff5e24ca-d657-44fa-a4d9-4107ae18f860,accepted,
2025-07-30-BFH-buy-1027,2025-08-01T10:42:51.485898,BFH,buy,0.1897,2025-07-30,Fawcett John J.,61.275,67.4,55.15,883cf740-736e-4b29-8256-6b0c75061cda,accepted,
2025-07-29-CTO-buy-25326,2025-08-01T10:42:53.745898,CTO,buy,0.705,2025-07-29,"CTO Realty Growth, Inc.",16.49,18.14,14.84,2fc71731-2df4-4807-aec1-b8f594f919c6,accepted,
2025-07-30-MBIN-buy-16000,2025-08-01T10:42:56.950648,MBIN,buy,0.397,2025-07-30,Dury Michael R.,29.285,32.21,26.36,e832d6bd-7c58-421c-a46c-fe451b680814,accepted,
2025-07-29-UUU-buy-3152,2025-08-01T10:42:59.322960,UUU,buy,3,2025-07-29,AULT MILTON C III,3.45,3.8,3.11,d0d5ee80-683c-43db-887d-2174ac792700,pending_new,
2025-07-29-CCO-buy-28507,2025-08-01T10:43:03.594380,CCO,buy,10,2025-07-29,MORENO ARTURO R,1.06,1.17,0.95,7f910eb7-f153-4557-8a72-efd8ba5ec086,pending_new,
2025-07-29-ASAN-buy-225000,2025-08-01T10:43:05.849111,ASAN,buy,0.7924,2025-07-29,Moskovitz Dustin A.,14.67,16.14,13.2,1ffda7f5-f1a8-4087-a208-5e9a4c6f847d,accepted,
2025-07-29-TBBK-buy-1350,2025-08-01T10:43:12.498055,TBBK,buy,0.184,2025-07-29,Cohn Matthew,63.19,69.51,56.87,898a4e77-0d5c-4dd5-951c-24bf123a6789,accepted,
2025-07-31-SNAP-sell-24000,2025-08-01T10:43:15.223441,SNAP,sell,1,2025-07-31,Michael O'Sullivan,9.42,8.48,10.36,9e010ead-7fcd-4e0a-997c-979fba82a337,pending_new,
2025-07-29-UWMC-sell-400036,2025-08-01T10:43:18.197975,UWMC,sell,2,2025-07-29,Mat Ishbia,4.01,3.61,4.41,b4229341-6025-4e96-8a8f-f483688442e9,pending_new,
2025-07-31-NCMI-sell-45000,2025-08-01T10:43:22.388989,NCMI,sell,2,2025-07-31,"Lesinski, Thomas F.",4.82,4.34,5.3,3cebc184-255c-4d61-84c4-584b2de49144,pending_new,
2025-07-29-AIP-sell-29544,2025-08-01T10:43:24.880982,AIP,sell,1,2025-07-29,RAZA SAIYED ATIQ,9.87,8.88,10.86,a2de3d11-1b98-407e-9888-5cfb50d9e63d,pending_new,
2025-07-29-SHEN-buy-19852,2025-08-01T10:43:27.127434,SHEN,buy,0.793,2025-07-29,"ECP ControlCo, LLC",14.66,16.13,13.19,4252ade2-8ad9-4512-b0c5-2cce797181c6,accepted,
2025-07-29-CIFR-sell-66049,2025-08-01T10:43:29.752684,CIFR,sell,2,2025-07-29,V3 Holding Ltd,5.45,4.91,6.0,5968b1c3-5bb3-473b-bb2f-fa0ad906b547,pending_new,
2025-07-31-SVV-sell-2637,2025-08-01T10:43:32.239684,SVV,sell,1,2025-07-31,Medway Richard A.,10.395,9.36,11.43,e980ee14-623f-4b61-a24b-6cb77f87abcd,pending_new,
2025-07-29-MMC-buy-500,2025-08-01T10:43:36.513287,MMC,buy,0.0584,2025-07-29,Anderson Anthony,199.21,219.13,179.29,41ae8f8f-6f96-4eb0-9b73-e2fbadf30121,accepted,
2025-07-31-UDMY-sell-10000,2025-08-01T10:43:38.764639,UDMY,sell,1,2025-07-31,EREN BALI,7.62,6.86,8.38,ca0a55a1-c1c7-4a1a-ad7f-1685662c910d,pending_new,
2025-07-31-CHTR-buy-3670,2025-08-01T10:43:42.433641,CHTR,buy,0.0432,2025-07-31,Winfrey Christopher L,269.385,296.32,242.45,ff980a48-52f2-4d40-9c89-0b01e0ec7e6d,accepted,
2025-07-29-CXM-sell-1435,2025-08-01T10:43:45.035640,CXM,sell,1,2025-07-29,Thomas Ragy,9.005,8.1,9.91,2f1bcbe6-fd54-4595-acc5-9d842f104f6a,pending_new,
2025-07-30-OMCC-buy-350,2025-08-01T10:43:48.623802,OMCC,buy,2,2025-07-30,Krebs Charles,5.71,6.28,5.14,18356442-3369-4775-a701-35e48e2212d7,pending_new,
2025-07-31-WNEB-sell-4000,2025-08-01T10:43:51.302812,WNEB,sell,1,2025-07-31,Smith Philip R,10.64,9.58,11.7,4f3e4574-7b7f-45e3-a286-e06a17e84eb5,pending_new,
2025-08-01-RELL-sell-10253,2025-08-01T12:29:36.759735,RELL,sell,1,2025-08-01,MCNALLY KATHLEEN,10.2,9.18,11.22,89cbf025-58f4-4bdb-9789-16ef28d62424,pending_new,
2025-07-31-PEBO-buy-200,2025-08-01T13:14:57.613354,PEBO,buy,0.407,2025-07-31,SKINNER FRANCES A,28.565,31.42,25.71,a0b57015-a4c6-4397-9716-c834df5b8345,accepted,
2025-07-31-CASS-buy-500,2025-08-01T14:30:44.828004,CASS,buy,0.2906,2025-07-31,Resch Martin H.,40.01,44.01,36.01,c55311a9-5660-4dc9-9841-bdbb9d4ccf34,pending_new,
2025-07-31-MOFG-buy-600,2025-08-01T15:16:16.138958,MOFG,buy,0.4309,2025-07-31,Funk Charles N,26.98,29.68,24.28,da3cd889-27b1-474b-b8cb-9e85ffa08524,pending_new,
2025-08-01-TROX-buy-100000,2025-08-01T15:31:28.250739,TROX,buy,3.5824,2025-08-01,Romano John D,3.245,3.57,2.92,6119ed81-ae8b-4044-bc1e-6b4352000e7e,pending_new,
2025-08-01-EXFY-sell-9000,2025-08-01T16:17:00.973535,EXFY,sell,5,2025-08-01,Vidal Daniel,1.99,1.79,2.19,e9d07d0d-18ae-4496-b874-dfcdb84e7894,pending_new,
2025-07-31-SNV-buy-1000,2025-08-01T17:32:52.521989,SNV,buy,0.2508,2025-07-31,Montana Gregory G,46.36,51.0,41.72,ca14ae6f-0ab6-4b62-8f0e-f75abd4aa397,pending_new,
2025-07-30-ABG-buy-46952,2025-08-01T19:03:55.459883,ABG,buy,0.0517,2025-07-30,"ABRAMS CAPITAL MANAGEMENT, L.P",225.07,247.58,202.56,2021d061-fdd2-4878-8723-6c56fb352e3e,pending_new,
2025-07-31-BUSE-buy-3000,2025-08-01T19:03:57.704802,BUSE,buy,0.5261,2025-07-31,BRADSHAW STANLEY J,22.095,24.3,19.89,20fff97b-8f3f-4fa1-ae38-cf491eb63022,pending_new,
2025-07-30-TZOO-sell-30000,2025-08-01T19:49:31.652904,TZOO,sell,1,2025-07-30,AZZURRO CAPITAL INC,9.48,8.53,10.43,8741a2ab-a190-491d-8e27-13583795121d,pending_new,
2025-08-01-VIAV-sell-8385,2025-08-01T19:49:33.922787,VIAV,sell,1,2025-08-01,BELLUZZO RICHARD,9.805,8.82,10.79,f49d1571-c5b5-4f3b-8363-70b5702c3ef2,pending_new,
2025-08-01-NWBI-buy-3500,2025-08-01T19:49:36.321062,NWBI,buy,0.991,2025-08-01,Paup Mark A,11.73,12.9,10.56,8fd74b8c-f05f-41b2-bf9a-77da08f8320a,pending_new,
2025-08-05-LOOP-buy-20000,2025-08-08T08:59:45.156353,LOOP,buy,7.4375,2025-08-05,Hart Spencer,1.6,1.76,1.44,755cd179-9c86-4a95-a628-f710af6018ff,pending_new,
2025-08-05-LOOP-buy-20000,2025-08-08T08:59:45.181074,LOOP,buy,7.4375,2025-08-05,Hart Spencer,1.6,1.76,1.44,2a8ce2ba-64ae-4de4-80cf-34f120332b24,pending_new,
2025-08-05-WVE-sell-4872,2025-08-08T08:59:47.654467,WVE,sell,1,2025-08-05,TAKANASHI KEN,8.11,7.3,8.92,f655eb53-20fd-4710-9022-f9ccf84e5e0c,pending_new,
2025-08-05-WVE-sell-4872,2025-08-08T08:59:47.687461,WVE,sell,1,2025-08-05,TAKANASHI KEN,8.11,7.3,8.92,161e5144-7e17-49d4-b7c2-3eacee2b259d,pending_new,
2025-08-07-IFF-buy-15300,2025-08-08T08:59:51.219453,IFF,buy,0.1853,2025-08-07,Fyrwald J Erik,64.22,70.64,57.8,9e213667-6f27-4adb-a37b-6c1f42e91792,accepted,
2025-08-07-IFF-buy-15300,2025-08-08T08:59:51.241465,IFF,buy,0.1853,2025-08-07,Fyrwald J Erik,64.22,70.64,57.8,4cf7dd05-d15c-4560-baea-8424a490deed,accepted,
2025-08-07-RMNI-sell-24344,2025-08-08T08:59:54.180367,RMNI,sell,2,2025-08-07,Lyskawa Nancy,3.97,3.57,4.37,6c520f08-2427-4110-be9b-e0cc891e3318,pending_new,
2025-08-07-RMNI-sell-24344,2025-08-08T08:59:54.222971,RMNI,sell,2,2025-08-07,Lyskawa Nancy,3.97,3.57,4.37,e4065320-00c1-4812-a04c-e44033b76761,pending_new,
2025-08-05-TFX-buy-1000,2025-08-08T08:59:57.509138,TFX,buy,0.1031,2025-08-05,RANDLE STUART A,115.38,126.92,103.84,b1d23816-819c-4bf4-b7cd-59dc9a2a4d0a,accepted,
2025-08-05-TFX-buy-1000,2025-08-08T08:59:57.545179,TFX,buy,0.1031,2025-08-05,RANDLE STUART A,115.38,126.92,103.84,daa7450d-6716-4e7d-95b8-c9ae75d26750,accepted,
2025-08-07-EXPI-sell-10000,2025-08-08T09:00:00.966573,EXPI,sell,1,2025-08-07,Randall D.  Miles,10.23,9.21,11.25,982bcb6f-539c-46eb-bc20-a91b35f10b22,pending_new,
2025-08-07-EXPI-sell-10000,2025-08-08T09:00:00.993280,EXPI,sell,1,2025-08-07,Randall D.  Miles,10.23,9.21,11.25,c1612b43-be0d-4b7e-96f0-93d135141109,pending_new,
2025-08-07-UBFO-buy-55814,2025-08-08T09:00:03.922566,UBFO,buy,1,2025-08-07,GILL JAGROOP,8.65,9.52,7.79,9b872a55-8419-4bca-a26d-fdc83223951e,pending_new,
2025-08-07-UBFO-buy-55814,2025-08-08T09:00:03.982785,UBFO,buy,1,2025-08-07,GILL JAGROOP,8.65,9.52,7.79,516b8b56-d951-4a33-8561-ab6028e8af5b,pending_new,
2025-08-07-DTM-buy-150,2025-08-08T09:00:06.665191,DTM,buy,0.1142,2025-08-07,Jewell Jeffrey A,104.245,114.67,93.82,bf2b302a-9435-4315-bfc3-fe13b8d5a99e,accepted,
2025-08-07-DTM-buy-150,2025-08-08T09:00:06.734266,DTM,buy,0.1142,2025-08-07,Jewell Jeffrey A,104.245,114.67,93.82,fc94ae37-0e4c-489c-92db-f4dc4d1fd5e4,accepted,
2025-08-07-BWIN-buy-10000,2025-08-08T09:00:09.168284,BWIN,buy,0.387,2025-08-07,Hale Bradford,30.75,33.83,27.68,a2eb03a4-2663-4143-8f79-0be023e302e4,accepted,
2025-08-07-BWIN-buy-10000,2025-08-08T09:00:09.221265,BWIN,buy,0.387,2025-08-07,Hale Bradford,30.75,33.83,27.68,910ef085-1b3d-4216-8944-dccb291a46a2,accepted,
2025-08-06-BRO-buy-1000,2025-08-08T09:00:12.755404,BRO,buy,0.1286,2025-08-06,Masojada Bronislaw Edmund,92.54,101.79,83.29,199942a2-b7ea-4fa4-9c14-a7b09e9b39a8,accepted,
2025-08-06-BRO-buy-1000,2025-08-08T09:00:12.804456,BRO,buy,0.1286,2025-08-06,Masojada Bronislaw Edmund,92.54,101.79,83.29,594db7cd-88d2-4013-989a-fad286f73d28,accepted,
2025-08-05-OI-buy-2289,2025-08-08T09:00:15.131555,OI,buy,0.8911,2025-08-05,Haudrich John,13.355,14.69,12.02,a4e91649-e5ef-49f0-ac7b-ee554559213a,accepted,
2025-08-05-OI-buy-2289,2025-08-08T09:00:15.260764,OI,buy,0.8911,2025-08-05,Haudrich John,13.355,14.69,12.02,d8759708-1076-4194-ba86-82b940c29f5b,accepted,
2025-08-06-FRGE-buy-1950,2025-08-08T09:00:17.898220,FRGE,buy,0.5452,2025-08-06,Nevin James,21.825,24.01,19.64,4960cf7b-411e-4c5d-83ad-4d30a5c728d3,accepted,
2025-08-06-FRGE-buy-1950,2025-08-08T09:00:18.008579,FRGE,buy,0.5452,2025-08-06,Nevin James,21.825,24.01,19.64,c4ef6375-df7d-464b-85ef-d07cbdbb5d0f,accepted,
2025-08-07-RSVR-sell-74558,2025-08-08T09:00:20.141669,RSVR,sell,1,2025-08-07,Rothstein Adam,7.59,6.83,8.35,9afdf3ff-6778-4d46-bc50-9517a1255206,pending_new,
2025-08-07-RSVR-sell-74558,2025-08-08T09:00:20.273985,RSVR,sell,1,2025-08-07,Rothstein Adam,7.59,6.83,8.35,1c1469ee-8efa-4655-8ab6-2dd40e3cc3d3,pending_new,
2025-08-07-STIM-sell-98635,2025-08-08T09:00:22.635119,STIM,sell,2,2025-08-07,Furlong Stephen,4,3.6,4.4,6f7c2148-258e-49fc-aff6-38f691fefadd,pending_new,
2025-08-07-STIM-sell-98635,2025-08-08T09:00:22.781397,STIM,sell,2,2025-08-07,Furlong Stephen,4,3.6,4.4,5ac7de19-4aa0-4c0a-b8bb-b7e8246ab6ca,pending_new,
2025-08-06-PUMP-buy-4900,2025-08-08T09:00:26.540048,PUMP,buy,2.5813,2025-08-06,Sledge Samuel D,4.61,5.07,4.15,912cc6f8-98ec-4d7a-a492-682837801b1c,pending_new,
2025-08-06-PUMP-buy-4900,2025-08-08T09:00:26.687437,PUMP,buy,2.5813,2025-08-06,Sledge Samuel D,4.61,5.07,4.15,1b52ee52-0199-44f9-a0e9-7d27fefdc8ac,pending_new,
2025-08-05-AUB-buy-5000,2025-08-08T09:00:29.143294,AUB,buy,0.3792,2025-08-05,Ellett Frank Russell,31.38,34.52,28.24,1c342595-12f2-4274-8c78-b4aa67ce0126,accepted,
2025-08-05-AUB-buy-5000,2025-08-08T09:00:29.287643,AUB,buy,0.3792,2025-08-05,Ellett Frank Russell,31.38,34.52,28.24,6d4128e5-dc9a-4cb9-b5d9-497998bd0d61,accepted,
2025-08-07-TDUP-sell-50000,2025-08-08T09:00:32.227499,TDUP,sell,1,2025-08-07,GRADEN SEAN SOBERS,9.91,8.92,10.9,a2b626a1-eaeb-435c-a6c5-5493c12dac45,pending_new,
2025-08-07-TDUP-sell-50000,2025-08-08T09:00:32.378230,TDUP,sell,1,2025-08-07,GRADEN SEAN SOBERS,9.91,8.92,10.9,468508f6-eb5b-4279-9af7-6282738c63a9,pending_new,
2025-08-07-MQ-sell-2250000,2025-08-08T09:00:37.444271,MQ,sell,1,2025-08-07,The Gardner 2008 Living Trust,6.83,6.15,7.51,e31a45fe-a54c-4d50-9a00-4c01d14e662d,pending_new,
2025-08-07-MQ-sell-2250000,2025-08-08T09:00:37.603961,MQ,sell,1,2025-08-07,The Gardner 2008 Living Trust,6.83,6.15,7.51,9bef457c-84f4-47bc-b090-2af2d1433085,pending_new,
2025-08-07-BLND-sell-4000,2025-08-08T09:00:39.851651,BLND,sell,3,2025-08-07,Ling Winnie,3.57,3.21,3.93,cb1d40ab-8439-486c-8102-d8157f5e2276,pending_new,
2025-08-07-BLND-sell-4000,2025-08-08T09:00:39.977973,BLND,sell,3,2025-08-07,Ling Winnie,3.57,3.21,3.93,dffdd67d-5292-403f-8307-1093a5379167,pending_new,
2025-08-07-REAX-sell-104800,2025-08-08T09:00:42.096832,REAX,sell,2,2025-08-07,TAMIR POLEG,4.075,3.67,4.48,c7223f43-46cb-49d5-86d8-9b0d343c7444,pending_new,
2025-08-07-REAX-sell-104800,2025-08-08T09:00:42.268015,REAX,sell,2,2025-08-07,TAMIR POLEG,4.075,3.67,4.48,bb0534b1-3f8c-4826-af70-f2d947251b9b,pending_new,
2025-08-07-PTON-sell-30290,2025-08-08T09:00:44.358509,PTON,sell,1,2025-08-07,NICHOLAS CALDWELL,7.11,6.4,7.82,8eac6e4e-9502-4808-a31c-57f96d9e2cae,pending_new,
2025-08-07-PTON-sell-30290,2025-08-08T09:00:44.535864,PTON,sell,1,2025-08-07,NICHOLAS CALDWELL,7.11,6.4,7.82,d3b20427-e064-43db-bf0f-3c71e565bb22,pending_new,
2025-08-05-LUV-buy-1500,2025-08-08T09:00:46.741697,LUV,buy,0.4024,2025-08-05,Feinberg Sarah,29.57,32.53,26.61,e850c7e6-4f4a-4d11-92d4-b9bf58c322a8,accepted,
2025-08-05-LUV-buy-1500,2025-08-08T09:00:46.943566,LUV,buy,0.4024,2025-08-05,Feinberg Sarah,29.57,32.53,26.61,a8d3879b-c88c-4db5-b1fe-2f4d7efc8b4f,accepted,
2025-08-05-LUMN-buy-135870,2025-08-08T09:00:49.222234,LUMN,buy,3.2032,2025-08-05,Johnson Kathleen E,3.715,4.09,3.34,c6ef8b46-0203-4b9b-aeb4-b007498afc18,pending_new,
2025-08-05-LUMN-buy-135870,2025-08-08T09:00:49.436507,LUMN,buy,3.2032,2025-08-05,Johnson Kathleen E,3.715,4.09,3.34,f95a7adc-e31c-48d9-8ad3-c7d03ec2c729,pending_new,
